task,family,budget,r2_mean,r2_std,r2_median,r2_iqr,actual_parameters,n
fourier,CFNN-Hybrid,32,0.015617275424301625,0.02166287460377223,0.013819576241075993,0.01868915557861328,14.0,5
fourier,CFNN-Hybrid,64,0.015617275424301625,0.02166287460377223,0.013819576241075993,0.01868915557861328,14.0,5
fourier,CFNN-Hybrid,128,0.023047518730163575,0.028455097297112635,0.0102120041847229,0.02056974172592163,38.0,5
fourier,CFNN-Hybrid,256,0.03989449664950371,0.02019319300606458,0.03313171863555908,0.03304409608244896,74.0,5
fourier,CFNN-Hybrid,512,0.058599081821739674,0.08078783811655009,0.023634135723114014,0.017365634441375732,146.0,5
fourier,CoFrNet-Standard,32,-5.21608715057373,0.0009201917317797696,-5.216039180755615,0.001239776611328125,6.0,5
fourier,CoFrNet-Standard,64,-0.04762270599603653,0.041031343063716315,-0.03877758979797363,0.062160611152648926,20.0,5
fourier,CoFrNet-Standard,128,-0.019480979442596434,0.014336026103927433,-0.023817777633666992,0.006039023399353027,41.0,5
fourier,CoFrNet-Standard,256,-0.008755433466285467,0.007294510946358608,-0.007759332191199064,0.0075958967208862305,83.0,5
fourier,CoFrNet-Standard,512,-0.000512242317199707,0.0026365327701395372,0.000272214412689209,0.0008464455604553223,174.0,5
fourier,Gaussian RBF,32,-0.006500053650233895,0.006419433299284066,-0.0033138992730528116,0.010090351104736328,12.0,5
fourier,Gaussian RBF,64,-0.007205581665039063,0.002736577172987486,-0.006075739860534668,0.002275824546813965,23.0,5
fourier,Gaussian RBF,128,-0.008811259461799637,0.007374380695714299,-0.0132409343495965,0.01235973834991455,44.0,5
fourier,Gaussian RBF,256,-0.013068103604018689,0.0031037081931052832,-0.01459407713264227,0.004180431365966797,87.0,5
fourier,Gaussian RBF,512,-0.01178288459777832,0.0023641649343533314,-0.013061046600341797,0.002305150032043457,172.0,5
fourier,KAN,32,0.7449413776397705,0.006857721600469729,0.7442346811294556,0.010072648525238037,84.0,5
fourier,KAN,64,0.7449414014816285,0.0068577015337352104,0.7442346811294556,0.010072529315948486,84.0,5
fourier,KAN,128,0.7465966224670411,0.0015671167280428403,0.7471729516983032,0.0024608969688415527,168.0,5
fourier,KAN,256,0.7432969570159912,0.002213166544309475,0.7429019212722778,0.0019870996475219727,336.0,5
fourier,KAN,512,0.7436640739440918,0.0024699160533329426,0.7430014610290527,0.0008324980735778809,700.0,5
fourier,MLP,32,0.0020701408386230467,0.010104244935125501,-0.0003546476364135742,0.011400341987609863,97.0,5
fourier,MLP,64,0.0581143856048584,0.06042479767076597,0.052191317081451416,0.06106150150299072,321.0,5
fourier,MLP,128,0.015968847274780273,0.01657691109648961,0.011519134044647217,0.01116102933883667,1153.0,5
fourier,MLP,256,0.07099269647151232,0.0628507786848615,0.08142602443695068,0.06944632437080145,4353.0,5
fourier,MLP,512,0.09729729890823365,0.05177086102898458,0.08197134733200073,0.07493120431900024,16897.0,5
fourier,Rational activation NN,32,0.0002851724624633789,0.0020736325886651203,-0.001043081283569336,0.003610372543334961,113.0,5
fourier,Rational activation NN,64,-0.0026888131629675626,0.0036463395890774606,-0.0022585391998291016,0.003512978320941329,337.0,5
fourier,Rational activation NN,128,0.007709860801696777,0.01967894545610434,-0.0005210638046264648,0.007021069526672363,1169.0,5
fourier,Rational activation NN,256,0.0013207196723669767,0.003596304817539748,0.002109706401824951,0.005715310573577881,4369.0,5
fourier,Rational activation NN,512,0.0009142279886873439,0.0021405404117501017,0.0008919239044189453,0.0023812651488697156,16913.0,5
fourier,SIREN,32,0.21176204085350037,0.1843469547193606,0.3314591646194458,0.31880509853363037,97.0,5
fourier,SIREN,64,0.63748739361763,0.11266231805696791,0.6109874248504639,0.1717342734336853,321.0,5
fourier,SIREN,128,0.812794542312622,0.057641963464288785,0.7966941595077515,0.07398349046707153,1153.0,5
fourier,SIREN,256,0.8331269979476928,0.05878694959473683,0.8492923378944397,0.06116586923599243,4353.0,5
fourier,SIREN,512,0.8228405714035034,0.04377084402929677,0.8016509413719177,0.044331371784210205,16897.0,5
gaussian_peaks,CFNN-Hybrid,32,0.24962181150913237,0.03739908101365722,0.24313771724700928,0.05501566827297211,14.0,5
gaussian_peaks,CFNN-Hybrid,64,0.24962181150913237,0.03739908101365722,0.24313771724700928,0.05501566827297211,14.0,5
gaussian_peaks,CFNN-Hybrid,128,0.2645120143890381,0.03581884753108691,0.2544522285461426,0.015537261962890625,38.0,5
gaussian_peaks,CFNN-Hybrid,256,0.26866256892681123,0.023248793704894768,0.2780943512916565,0.0008412003517150879,74.0,5
gaussian_peaks,CFNN-Hybrid,512,0.2661916255950928,0.03171306763003618,0.2841532826423645,0.04446166753768921,146.0,5
gaussian_peaks,CoFrNet-Standard,32,-3.5042060375213624,0.0015734817346821433,-3.5031967163085938,0.002155780792236328,6.0,5
gaussian_peaks,CoFrNet-Standard,64,0.01845768615603447,0.03943055906275713,0.0194893479347229,0.038302358239889145,20.0,5
gaussian_peaks,CoFrNet-Standard,128,0.04657081291079521,0.0380756601437603,0.04814905300736427,0.04520057886838913,41.0,5
gaussian_peaks,CoFrNet-Standard,256,0.13259196579456328,0.07166329176405639,0.1502828598022461,0.006877139210700989,83.0,5
gaussian_peaks,CoFrNet-Standard,512,0.23120146989822388,0.05774420808391159,0.250129759311676,0.05641382932662964,174.0,5
gaussian_peaks,Gaussian RBF,32,0.22122400104999543,0.013605572945877576,0.2260553389787674,0.016114115715026855,12.0,5
gaussian_peaks,Gaussian RBF,64,0.2634856700897217,0.003317758482967497,0.263405978679657,0.000895082950592041,23.0,5
gaussian_peaks,Gaussian RBF,128,0.23749133050441742,0.01066057341868332,0.23742181062698364,0.00827111303806305,44.0,5
gaussian_peaks,Gaussian RBF,256,0.25044970512390136,0.01628530937855858,0.2558467984199524,0.02113586664199829,87.0,5
gaussian_peaks,Gaussian RBF,512,0.25433393716812136,0.0233941206302546,0.2678091526031494,0.03400158882141113,172.0,5
gaussian_peaks,KAN,32,0.45786285400390625,0.05324709146433977,0.4453597664833069,0.07130593061447144,84.0,5
gaussian_peaks,KAN,64,0.4578628420829773,0.05324706459044576,0.4453597664833069,0.07130593061447144,84.0,5
gaussian_peaks,KAN,128,0.4299411416053772,0.08939738708008513,0.40014296770095825,0.014516592025756836,168.0,5
gaussian_peaks,KAN,256,0.49610898494720457,0.08580093508098083,0.48186567425727844,0.021272599697113037,336.0,5
gaussian_peaks,KAN,512,0.5643253087997436,0.06062565136448633,0.5677800178527832,0.09022319316864014,700.0,5
gaussian_peaks,MLP,32,0.1707645148038864,0.08008749554877308,0.15361247956752777,0.1416880413889885,97.0,5
gaussian_peaks,MLP,64,0.24780043363571166,0.04755460645394776,0.2708197832107544,0.04242485761642456,321.0,5
gaussian_peaks,MLP,128,0.27277909517288207,0.005310102262095051,0.2741435766220093,0.005463063716888428,1153.0,5
gaussian_peaks,MLP,256,0.27452712059020995,0.0016351269210203654,0.2749781012535095,0.00201416015625,4353.0,5
gaussian_peaks,MLP,512,0.30671201944351195,0.037053755829462784,0.2836706042289734,0.05085557699203491,16897.0,5
gaussian_peaks,Rational activation NN,32,0.20454750061035157,0.08284704255436406,0.24055510759353638,0.10852807760238647,113.0,5
gaussian_peaks,Rational activation NN,64,0.21373695135116577,0.11074027647275925,0.25802159309387207,0.01776033639907837,337.0,5
gaussian_peaks,Rational activation NN,128,0.2632887244224548,0.00926847602443262,0.2571462392807007,0.013183116912841797,1169.0,5
gaussian_peaks,Rational activation NN,256,0.2567328214645386,0.00962087273988562,0.25621330738067627,0.006042420864105225,4369.0,5
gaussian_peaks,Rational activation NN,512,0.27549129724502563,0.015434621790760956,0.27320486307144165,0.025840461254119873,16913.0,5
gaussian_peaks,SIREN,32,0.28500308096408844,0.15803335535385077,0.19144530594348907,0.26982277631759644,97.0,5
gaussian_peaks,SIREN,64,0.3163121461868286,0.38630314651527525,0.3422257900238037,0.23814404010772705,321.0,5
gaussian_peaks,SIREN,128,0.6347933948040009,0.10394781009657096,0.635741114616394,0.12479603290557861,1153.0,5
gaussian_peaks,SIREN,256,0.7315620899200439,0.10385802115110838,0.7045605182647705,0.15154284238815308,4353.0,5
gaussian_peaks,SIREN,512,0.6977212190628052,0.07387876860206871,0.7039022445678711,0.023999035358428955,16897.0,5
nonseparable,CFNN-Hybrid,32,0.4271276295185089,0.053024072888007014,0.438434362411499,0.05617597699165344,40.0,5
nonseparable,CFNN-Hybrid,64,0.4271276295185089,0.053024072888007014,0.438434362411499,0.05617597699165344,40.0,5
nonseparable,CFNN-Hybrid,128,0.5771221399307251,0.01850759517552686,0.5812098979949951,0.02091073989868164,104.0,5
nonseparable,CFNN-Hybrid,256,0.5953739047050476,0.006519610446886316,0.5936266183853149,0.009125113487243652,200.0,5
nonseparable,CFNN-Hybrid,512,0.6152605533599853,0.04607783230761986,0.5987991094589233,0.012809336185455322,392.0,5
nonseparable,CoFrNet-Standard,32,-10.718822479248047,0.0013404390379440963,-10.718714714050293,0.0011348724365234375,16.0,5
nonseparable,CoFrNet-Standard,64,-0.05273828422650695,0.06360236226577735,-0.045712463557720184,0.0433615418151021,50.0,5
nonseparable,CoFrNet-Standard,128,0.06943746388424188,0.07426615876349758,0.05414479225873947,0.04959200322628021,101.0,5
nonseparable,CoFrNet-Standard,256,0.28084412813186643,0.016187266159117288,0.287131667137146,0.010775566101074219,203.0,5
nonseparable,CoFrNet-Standard,512,0.5318799495697022,0.0351302116297265,0.5394483208656311,0.012733101844787598,424.0,5
nonseparable,Gaussian RBF,32,0.053217048197984694,0.0029001315712013434,0.051770806312561035,0.0046981386840343475,35.0,5
nonseparable,Gaussian RBF,64,0.06532762125134468,0.007109911502931216,0.06270702183246613,0.011787794530391693,65.0,5
nonseparable,Gaussian RBF,128,0.043025363236665726,0.022209312195168227,0.038065362721681595,0.02120221219956875,131.0,5
nonseparable,Gaussian RBF,256,0.031166619434952737,0.004210322938023889,0.030452586710453033,0.006269050762057304,257.0,5
nonseparable,Gaussian RBF,512,0.02890978902578354,0.004723199638586614,0.02814284712076187,0.005869703367352486,515.0,5
nonseparable,KAN,32,0.7548017382621766,0.0746153392371015,0.7463093400001526,0.13160651922225952,210.0,5
nonseparable,KAN,64,0.7548017144203186,0.07461531533068104,0.7463093400001526,0.1316063404083252,210.0,5
nonseparable,KAN,128,0.9096942067146301,0.029289621117691053,0.9033887386322021,0.03521806001663208,420.0,5
nonseparable,KAN,256,0.9735909223556518,0.005915632343424742,0.974226176738739,0.002253413200378418,840.0,5
nonseparable,KAN,512,0.9836438179016114,0.002435680952638608,0.9835669994354248,0.0005854964256286621,1750.0,5
nonseparable,MLP,32,0.13144648815505205,0.18062018253448078,0.016673941165208817,0.27515308395959437,46.0,5
nonseparable,MLP,64,0.4178016662597656,0.16447038267574102,0.46695247292518616,0.09502789378166199,146.0,5
nonseparable,MLP,128,0.5553236722946167,0.04128786659802837,0.5379108190536499,0.014541089534759521,452.0,5
nonseparable,MLP,256,0.6132492661476135,0.04138056280202947,0.6238898038864136,0.011985719203948975,1550.0,5
nonseparable,MLP,512,0.642155933380127,0.05105133451133118,0.638938844203949,0.07255172729492188,5842.0,5
nonseparable,Rational activation NN,32,0.2054146148264408,0.2045304451502229,0.1443592756986618,0.16932117193937302,62.0,5
nonseparable,Rational activation NN,64,0.3830408110748976,0.22664717485107264,0.5016791224479675,0.16603532433509827,162.0,5
nonseparable,Rational activation NN,128,0.4459714377240743,0.2496388271901037,0.5538047552108765,0.0008844137191772461,468.0,5
nonseparable,Rational activation NN,256,0.5663859724998475,0.0035105167006950085,0.5642654299736023,0.004937231540679932,1566.0,5
nonseparable,Rational activation NN,512,0.5681569933891296,0.005093948821044188,0.5675482153892517,0.00377577543258667,5858.0,5
nonseparable,SIREN,32,-0.228825181722641,0.09074132361714118,-0.22083228826522827,0.06070592999458313,46.0,5
nonseparable,SIREN,64,-0.5997787177562713,0.11557833031484191,-0.5865957140922546,0.10751837491989136,146.0,5
nonseparable,SIREN,128,-0.9763955712318421,0.2257416839019813,-1.0210787057876587,0.17198365926742554,452.0,5
nonseparable,SIREN,256,-0.9198281645774842,0.08887472616571969,-0.9234206080436707,0.08279567956924438,1550.0,5
nonseparable,SIREN,512,-0.6337390184402466,0.10457663083964827,-0.6569359302520752,0.19582027196884155,5842.0,5
