sample_id,family,calibration_frequency_count,record_count,curve_count,event_identifiable_count,event_identifiable_rate,median_all_curve_complex_nrmse,q25_all_curve_complex_nrmse,q75_all_curve_complex_nrmse,n_all_curve_complex_nrmse,median_all_curve_peak_window_complex_nrmse,q25_all_curve_peak_window_complex_nrmse,q75_all_curve_peak_window_complex_nrmse,n_all_curve_peak_window_complex_nrmse,median_all_curve_phase_mae_rad,q25_all_curve_phase_mae_rad,q75_all_curve_phase_mae_rad,n_all_curve_phase_mae_rad,median_identifiable_resonance_frequency_abs_error_hz,q25_identifiable_resonance_frequency_abs_error_hz,q75_identifiable_resonance_frequency_abs_error_hz,n_identifiable_resonance_frequency_abs_error_hz,median_identifiable_quality_factor_relative_error,q25_identifiable_quality_factor_relative_error,q75_identifiable_quality_factor_relative_error,n_identifiable_quality_factor_relative_error,median_identifiable_phase_transition_abs_error_hz,q25_identifiable_phase_transition_abs_error_hz,q75_identifiable_phase_transition_abs_error_hz,n_identifiable_phase_transition_abs_error_hz,median_identifiable_notch_magnitude_abs_error,q25_identifiable_notch_magnitude_abs_error,q75_identifiable_notch_magnitude_abs_error,n_identifiable_notch_magnitude_abs_error
s31,CFNN,0,50,150,150,1.0,0.08084183428250231,0.06854108845629416,0.08961723351186358,150,0.08084183428250231,0.06854108845629416,0.08961723351186358,150,0.026898956560823147,0.021678808948617054,0.03098416692321666,150,12187500.0,9375000.0,16875000.0,150,0.019136299730685924,0.010924310390146756,0.03543342813812818,150,22031250.0,12187500.0,298125000.0,150,0.0042238203797137636,0.001670489627796229,0.007181783508875848,150
s31,MLP,0,50,150,150,1.0,0.06818719816981908,0.044105058182741554,0.07749079133971772,150,0.06818719816981908,0.044105058182741554,0.07749079133971772,150,0.024212162920433593,0.01772644107762992,0.029114766523178914,150,13281250.0,9375000.0,15000000.0,150,0.032663200775825935,0.014463895670725205,0.043941232719819645,150,298125000.0,12187500.0,301250000.0,150,0.0024911116062374256,0.0011344169492246287,0.0040613278605953,150
s31,Local nested CF control,0,50,150,150,1.0,0.08952573613649492,0.07372758848979998,0.1004169584009421,150,0.08952573613649492,0.07372758848979998,0.1004169584009421,150,0.032230225660890136,0.02738552903019097,0.03655120751536745,150,14843750.0,8125000.0,19687500.0,150,0.03339980621713469,0.020275971751976044,0.0546440424807696,150,235625000.0,19140625.0,282421875.0,150,0.0038201324788987856,0.002205050835715032,0.007724496154034741,150
s31,CFNN,4,50,150,150,1.0,0.07907485799209296,0.06607437368021644,0.08894329054045375,150,0.07907485799209296,0.06607437368021644,0.08894329054045375,150,0.026778517222689806,0.021379764817208637,0.03101945086370758,150,12187500.0,9687500.0,16875000.0,150,0.01904358319554724,0.011248438134025868,0.03579517300351889,150,21406250.0,12187500.0,298125000.0,150,0.0040643999479733905,0.0014836120111909115,0.006445055480221389,150
s31,MLP,4,50,150,150,1.0,0.06779540679714952,0.043993085787527426,0.07695287697353445,150,0.06779540679714952,0.043993085787527426,0.07695287697353445,150,0.024017236379028778,0.01771392159076362,0.029077183725787402,150,13125000.0,9375000.0,15312500.0,150,0.03261671486513598,0.013871682179908992,0.04377680603658626,150,298125000.0,12187500.0,301250000.0,150,0.0024201232070186762,0.0011270782582194563,0.003933346311702085,150
s31,Local nested CF control,4,50,150,150,1.0,0.08711894990063501,0.07347149536880904,0.10029150996190583,150,0.08711894990063501,0.07347149536880904,0.10029150996190583,150,0.031882566995248364,0.027042226873438054,0.035704316479517495,150,15000000.0,8750000.0,19062500.0,150,0.03347159472070009,0.020832040009172742,0.053398176109676426,150,235937500.0,18828125.0,287187500.0,150,0.004110042314196469,0.0021692639701729396,0.006968737709841924,150
s31,CFNN,8,50,150,150,1.0,0.07786000650709486,0.06458808728603412,0.08827907979602886,150,0.07786000650709486,0.06458808728603412,0.08827907979602886,150,0.026644868444888975,0.021087631279984382,0.030519413791306113,150,11875000.0,9687500.0,16250000.0,150,0.019379598348802457,0.010744788834275956,0.03807071873808926,150,21250000.0,12187500.0,298125000.0,150,0.0037973905910511224,0.002051269720465397,0.006912346637091789,150
s31,MLP,8,50,150,150,1.0,0.06755625528891632,0.04374064390088293,0.07689536801700737,150,0.06755625528891632,0.04374064390088293,0.07689536801700737,150,0.023880179798877417,0.01758414924043674,0.028995854928851744,150,13125000.0,9375000.0,15312500.0,150,0.031102305502271242,0.014612283551262421,0.0438042033296209,150,298125000.0,12187500.0,301250000.0,150,0.002369879850514456,0.0010312107661390735,0.00397767961946803,150
s31,Local nested CF control,8,50,150,150,1.0,0.08845282657449949,0.07306731079950428,0.09896407597334768,150,0.08845282657449949,0.07306731079950428,0.09896407597334768,150,0.03185922426704468,0.027050711040203894,0.03602752971609301,150,14687500.0,8203125.0,18671875.0,150,0.032851984497257916,0.020326183693083238,0.053201995223414275,150,235468750.0,19453125.0,287656250.0,150,0.004056472600810532,0.0023133781555115876,0.0074022761602447265,150
s31,CFNN,16,50,150,150,1.0,0.07779244962381043,0.06274238724280073,0.08694461615965435,150,0.07779244962381043,0.06274238724280073,0.08694461615965435,150,0.02620307811287169,0.020875978038572045,0.03003695724992609,150,11875000.0,9687500.0,16875000.0,150,0.018861012423442604,0.010712040705184113,0.03911514487862256,150,21406250.0,12187500.0,298125000.0,150,0.0035837209888542054,0.0018144549726860498,0.00628307866844597,150
s31,MLP,16,50,150,150,1.0,0.06735649108581536,0.04363966198006361,0.07699390012407575,150,0.06735649108581536,0.04363966198006361,0.07699390012407575,150,0.02369446342808934,0.017768456839795155,0.02895559456721425,150,13125000.0,9375000.0,15000000.0,150,0.030706430809996327,0.013731447965935078,0.043417140710196186,150,298125000.0,12187500.0,301250000.0,150,0.0023338752305183535,0.00106463230088083,0.003907330344599995,150
s31,Local nested CF control,16,50,150,150,1.0,0.08731592928594815,0.07223004934784408,0.09872614086736385,150,0.08731592928594815,0.07223004934784408,0.09872614086736385,150,0.030703197778427144,0.026245378360387952,0.03547550667467283,150,15156250.0,8750000.0,19687500.0,150,0.03268971252868063,0.01877987088122214,0.05169259495801461,150,235625000.0,19453125.0,286250000.0,150,0.003994303595381443,0.002464889152815092,0.007784841475904705,150
s31,CFNN,32,50,150,150,1.0,0.07762521777486892,0.06238270622614531,0.08642510715704721,150,0.07762521777486892,0.06238270622614531,0.08642510715704721,150,0.02593771829632895,0.02063686079224856,0.029486083359025212,150,12187500.0,10000000.0,15625000.0,150,0.019594337971598853,0.010996295755630015,0.03726744268980138,150,267187500.0,12187500.0,298125000.0,150,0.00351064626567138,0.0016469181927570228,0.006166599136782275,150
s31,MLP,32,50,150,150,1.0,0.06695418459730038,0.042812962074612854,0.07701894134493052,150,0.06695418459730038,0.042812962074612854,0.07701894134493052,150,0.0234657778942387,0.017546589237665028,0.028628790261221695,150,13125000.0,9375000.0,15000000.0,150,0.02968070231618613,0.014035914367230543,0.04256550647446865,150,298125000.0,12187500.0,301171875.0,150,0.0022215671658829678,0.000965119605966118,0.0037942692972379455,150
s31,Local nested CF control,32,50,150,150,1.0,0.08521669051588887,0.07296227234102137,0.09595047760423023,150,0.08521669051588887,0.07296227234102137,0.09595047760423023,150,0.0304099361530138,0.02587665709388475,0.03451373828938563,150,15000000.0,9375000.0,21562500.0,150,0.03465899408789675,0.017680500933382498,0.05062131724335125,150,237812500.0,19687500.0,287343750.0,150,0.003990723942829025,0.002297597622803245,0.007719793660664914,150
s33,CFNN,0,50,150,150,1.0,0.44729924137518084,0.39653459600428076,0.7208002388482986,150,0.4478668875325916,0.3969412626360006,0.7208002388482986,150,0.27037320240158186,0.23937079150623927,0.31234095623169283,150,33906250.0,23515625.0,51640625.0,150,0.16291934694397697,0.07391314071026019,0.22856893937513148,81,102187500.0,55781250.0,209687500.0,150,0.023366139041288106,0.013688772838320248,0.03430477624075129,150
s33,MLP,0,50,150,150,1.0,0.4389521685195963,0.38623171827911107,0.7329645415637518,150,0.4379316923083487,0.3867404101718109,0.7329645415637518,150,0.2650417639244351,0.23499888952878084,0.3101601388751629,150,17812500.0,10625000.0,39140625.0,150,0.15040185048395682,0.10815547316169584,0.22702891961828692,111,101875000.0,45937500.0,234296875.0,150,0.020019804282492115,0.009600583126798581,0.026686366889674858,150
s33,Local nested CF control,0,50,150,150,1.0,0.4510037595749675,0.41938817203976814,0.7354606089449199,150,0.45067193280737144,0.41697491217164134,0.7354606089449199,150,0.2511189049437841,0.22773298214486226,0.32419425438806054,150,237500000.0,36250000.0,253281250.0,150,0.218007588113718,0.13368301037562025,0.29827060157448815,36,102187500.0,96406250.0,231875000.0,150,0.028290704673346934,0.023919395928559142,0.035040114255425435,150
s33,CFNN,4,50,150,150,1.0,0.4358241114504502,0.39154269874353215,0.7216591376520572,150,0.43411091777832245,0.38997497511606877,0.7216591376520572,150,0.2642491720904214,0.23586168394136386,0.31102015920233417,150,31093750.0,17578125.0,45703125.0,150,0.17719046262824883,0.07294435406939215,0.24414196859912798,84,101875000.0,53750000.0,184375000.0,150,0.02217134770630294,0.01578012218478906,0.03428995863828483,150
s33,MLP,4,50,150,150,1.0,0.4360348226353387,0.37840534763785083,0.7374401995792201,150,0.43569965021819745,0.37874792796345075,0.7374401995792201,150,0.2648358791629169,0.23245369902261148,0.3106663382934168,150,15937500.0,8515625.0,35703125.0,150,0.15845252728462328,0.0994041683588788,0.2244898586990283,111,102187500.0,47734375.0,243828125.0,150,0.020030056805940485,0.009232111628294917,0.02832240932832484,150
s33,Local nested CF control,4,50,150,150,1.0,0.45125461578246634,0.41980974885457467,0.73128947744646,150,0.44980487897681576,0.4178393277834834,0.73128947744646,150,0.24970972161963584,0.22856634160910905,0.3253066721192992,150,234531250.0,30781250.0,251250000.0,150,0.20168559486616572,0.14895216003266465,0.2975929978118162,33,102187500.0,91953125.0,232812500.0,150,0.028217955001646797,0.02403041558398561,0.03450792917118631,150
s33,CFNN,8,50,150,150,1.0,0.4396139964983131,0.3889304031310992,0.7205843532805173,150,0.43944917446937326,0.3887356011258264,0.7205843532805173,150,0.26232305311724613,0.23485100535700731,0.31225918701538163,150,31406250.0,17578125.0,41796875.0,150,0.17984310363714412,0.07267663873685348,0.21487207320288415,84,101875000.0,53750000.0,186562500.0,150,0.02214292128478955,0.014195966113715132,0.03226303806243307,150
s33,MLP,8,50,150,150,1.0,0.4398884036007429,0.3824860929176723,0.7330692973241553,150,0.440571272975828,0.3825732243153277,0.7330692973241553,150,0.265594075890761,0.23496805517718997,0.30957011361574416,150,15937500.0,10000000.0,32656250.0,150,0.15064249304355676,0.10636837076003641,0.2243317979611238,111,101875000.0,43281250.0,217578125.0,150,0.018379879923105538,0.00992206774432676,0.02659577324329171,150
s33,Local nested CF control,8,50,150,150,1.0,0.45013501753815,0.422658645999444,0.7364190942571252,150,0.44738170737351557,0.4200465783190921,0.7364190942571252,150,0.2532805033722968,0.2298994516258352,0.31970603779780693,150,234687500.0,31718750.0,252343750.0,150,0.2017144947990173,0.11285200572845704,0.22885342027681072,33,102187500.0,100390625.0,245625000.0,150,0.028612667159474317,0.0235893286718495,0.03337120176022856,150
s33,CFNN,16,50,150,150,1.0,0.4335311073531012,0.3932525913375062,0.720275799223356,150,0.4330403616607261,0.3921826117761526,0.720275799223356,150,0.2642456153443653,0.23871115588493846,0.3127563455563409,150,31562500.0,18515625.0,42187500.0,150,0.16382929768781856,0.07704070549184147,0.21075134137032325,90,101875000.0,51640625.0,198828125.0,150,0.02042195346709437,0.014033256626838915,0.030294881857027535,150
s33,MLP,16,50,150,150,1.0,0.44380570083131826,0.3862080425067861,0.7275113009220691,150,0.4431662008856061,0.38632949341385053,0.7275113009220691,150,0.2660786113200484,0.23958317616392086,0.3072810822018776,150,15937500.0,10625000.0,30468750.0,150,0.15368853031612634,0.10357271259592044,0.2181223855779948,114,102187500.0,46796875.0,244375000.0,150,0.01948413705802314,0.008694149182630527,0.025712968991623043,150
s33,Local nested CF control,16,50,150,150,1.0,0.4522761426060005,0.4243184356038896,0.7206979940452393,150,0.45045506392333273,0.42242488587127625,0.7206979940452393,150,0.2579172062457105,0.2320590880582176,0.31372320495983574,150,234375000.0,28593750.0,253750000.0,150,0.2136275041730974,0.07926541526220182,0.2726138208059623,36,102187500.0,95546875.0,244375000.0,150,0.02936541983200361,0.0239723993922241,0.034764404672787366,150
s33,CFNN,32,50,150,150,1.0,0.43349217575687143,0.3933449468857326,0.7176317197487586,150,0.4336582503585327,0.39144558798380125,0.7176317197487586,150,0.2636485908618313,0.23735963794104403,0.3087782134391952,150,30312500.0,17109375.0,40000000.0,150,0.15348662507445368,0.0861560712712993,0.2544457584171546,105,102031250.0,49921875.0,204375000.0,150,0.0177706253959517,0.009153761349754375,0.029549654937118676,150
s33,MLP,32,50,150,150,1.0,0.4312208902625298,0.39091778104053065,0.7153498424446408,150,0.43081459081821866,0.39133999134480074,0.7153498424446408,150,0.26048598227555064,0.24023682507070082,0.30747798482319144,150,15468750.0,10000000.0,29296875.0,150,0.15698970646304633,0.09856013494512902,0.23812115039812345,108,102187500.0,46640625.0,244375000.0,150,0.01855095004772961,0.00938558989562916,0.027526968625866427,150
s33,Local nested CF control,32,50,150,150,1.0,0.4492367824561464,0.4257704906593216,0.7190934884199605,150,0.4471700495055526,0.4234654021589434,0.7190934884199605,150,0.2589212488780134,0.23549070350192022,0.31218890270486344,150,234843750.0,25312500.0,253750000.0,150,0.21700938258297772,0.08492547704577667,0.2503634259946005,33,102187500.0,99765625.0,238203125.0,150,0.029082277005636342,0.022897916769256545,0.03350783095871028,150
s34,CFNN,0,50,150,150,1.0,0.11377752913322503,0.08335739314081993,0.12919812874511988,150,0.11926146292852066,0.0901015594623729,0.13651783855288296,150,0.041891045809667266,0.03151178530724863,0.055391551409454017,150,14062500.0,10000000.0,21406250.0,150,0.04929610975943911,0.027138716523533037,0.07113341941749701,150,307343750.0,245625000.0,324609375.0,150,0.0053484722533360535,0.0024842640639799254,0.00826123182378561,150
s34,MLP,0,50,150,150,1.0,0.09921011603374982,0.08454812850103756,0.14294767517589074,150,0.10569653711850713,0.08998229618952888,0.15050992621709589,150,0.0395626711201627,0.030336787598727964,0.06055971008941436,150,4843750.0,3125000.0,8671875.0,150,0.08912757475673143,0.04492539085695534,0.12374728665950493,150,292500000.0,286562500.0,311796875.0,150,0.008521917355077416,0.00475187987264572,0.012825313351847917,150
s34,Local nested CF control,0,50,150,150,1.0,0.11017668072995457,0.09585155883398437,0.1392663151751567,150,0.11534303661303275,0.09971247227137506,0.14646963847945055,150,0.043047444139727685,0.03174444090459756,0.05882108794588519,150,12343750.0,7187500.0,14843750.0,150,0.096861963507376,0.05267306906835928,0.13594024552881157,150,303750000.0,282812500.0,336484375.0,150,0.011904988189383264,0.00666930360000622,0.017545840468564153,150
s34,CFNN,4,50,150,150,1.0,0.11557114706981009,0.0813481846340811,0.12890867066357087,150,0.12148748422456786,0.08705124201895814,0.13656292943922427,150,0.04199071624927786,0.03220434940777242,0.05415742119297255,150,13906250.0,10000000.0,21171875.0,150,0.047546734148986594,0.024584819462333332,0.06683554411286041,150,306093750.0,247500000.0,324687500.0,150,0.005130853073174235,0.0025947400106857907,0.008550720740702004,150
s34,MLP,4,50,150,150,1.0,0.09935333531656235,0.0836574515667327,0.14205723065490278,150,0.10589327356108248,0.08926373802077198,0.14912760415588278,150,0.03909975021302617,0.030360832151522188,0.06043849009806539,150,4687500.0,2812500.0,8437500.0,150,0.08830417506997365,0.04615770650525489,0.12371090731365393,150,292187500.0,284375000.0,309921875.0,150,0.008411667493124636,0.004530062668124717,0.012536494753042457,150
s34,Local nested CF control,4,50,150,150,1.0,0.10982858093497481,0.09562743319060506,0.14064001390138936,150,0.11591521495037588,0.09898564657852157,0.1472725144021264,150,0.043537225712929825,0.03166194728074639,0.05889850514035282,150,11718750.0,7500000.0,14843750.0,150,0.09519276686694497,0.05379089401636288,0.13748824529349074,150,305000000.0,284062500.0,335312500.0,150,0.011496903755876586,0.005789413497452087,0.0173043003235374,150
s34,CFNN,8,50,150,150,1.0,0.11379064387281314,0.08011857975839184,0.12811296505162922,150,0.11975298265827776,0.08644749454940051,0.13609296850342437,150,0.04165018463323153,0.030232206261416775,0.053736092867397584,150,13906250.0,10000000.0,20546875.0,150,0.0480561285993841,0.02225585217204181,0.06996860176046865,150,301718750.0,247812500.0,322421875.0,150,0.00526647736923265,0.002577238024248453,0.008713318004149505,150
s34,MLP,8,50,150,150,1.0,0.09979588003453696,0.0840290937834616,0.14043112594174054,150,0.10636235717524953,0.08884395850795618,0.14786259705989102,150,0.03929649964014198,0.030115329781771873,0.06030046700347745,150,4687500.0,2812500.0,8437500.0,150,0.0884550862110792,0.049372604978479506,0.12510935513474447,150,291562500.0,286640625.0,309296875.0,150,0.008328155388282743,0.004543668659956923,0.012424155516428663,150
s34,Local nested CF control,8,50,150,150,1.0,0.10958841423805724,0.09450962920789097,0.1390275643744448,150,0.11621961699707237,0.09790478536877206,0.1464944859653056,150,0.043609821127879825,0.031595062789784106,0.058460845671169916,150,12187500.0,7500000.0,14921875.0,150,0.09470967965707118,0.05565012945055899,0.13672786467992448,150,307187500.0,286250000.0,335859375.0,150,0.011600705219806814,0.005967050245077758,0.017037437100830395,150
s34,CFNN,16,50,150,150,1.0,0.11450252185374946,0.07852291206782007,0.12740625500989547,150,0.12059995953303854,0.08477317666368386,0.13450117223171354,150,0.041494062721169234,0.03130308720841431,0.05408997003139286,150,13437500.0,10312500.0,20937500.0,150,0.04872670450633715,0.022374613723268388,0.06556692613582185,150,302500000.0,247187500.0,321484375.0,150,0.005228576238384172,0.002424210438381806,0.008298673356473121,150
s34,MLP,16,50,150,150,1.0,0.0997019242256783,0.0826543809578881,0.1409554188062388,150,0.10614240501218519,0.08791688278047222,0.1482275060794538,150,0.03903995383566396,0.02984145190795277,0.06103882649777223,150,5000000.0,3125000.0,8750000.0,150,0.09013505543464989,0.049056074596880925,0.12359867300238273,150,292500000.0,285000000.0,310859375.0,150,0.008206361592360295,0.004496888604497387,0.012183818900197582,150
s34,Local nested CF control,16,50,150,150,1.0,0.11007982564250318,0.09203361348243252,0.13844701410478605,150,0.11590423244939144,0.0968443568876463,0.1451712140437,150,0.04347945810709297,0.031501695924507314,0.058718939422462674,150,12187500.0,7812500.0,15234375.0,150,0.09147429942193451,0.054697855143292715,0.13343875392782983,150,304062500.0,282812500.0,335234375.0,150,0.011552201384558689,0.005885605650049544,0.016576743234950737,150
s34,CFNN,32,50,150,150,1.0,0.113041767437974,0.07597332111238028,0.12652218970735138,150,0.11897593122749814,0.08150489664920457,0.13367296565867728,150,0.04184410749246548,0.030192874402548246,0.05452464033911754,150,13281250.0,10625000.0,21093750.0,150,0.04652564144507031,0.019808059320667825,0.06424549695580065,150,301562500.0,247500000.0,320859375.0,150,0.005298769973193049,0.002528571772966455,0.008280653476655075,150
s34,MLP,32,50,150,150,1.0,0.0999068258886748,0.08204184585693369,0.13926409639733336,150,0.10605641820701775,0.0873595388597749,0.1458571518168048,150,0.0388041464048753,0.03040762442918002,0.06059399749276987,150,4687500.0,3125000.0,8359375.0,150,0.08960885982802798,0.04980292243931456,0.12300992483613248,150,292187500.0,285000000.0,312187500.0,150,0.008007393812169125,0.0041065070388603755,0.012115911161621196,150
s34,Local nested CF control,32,50,150,150,1.0,0.10955582114732684,0.09005006137319463,0.13616293696812343,150,0.11532793663963534,0.09543134529909172,0.14394438645573013,150,0.042466672417386074,0.030519457180907136,0.057559893464532726,150,12031250.0,7265625.0,15625000.0,150,0.09365767437031583,0.05786996155680866,0.13977226054432346,150,306093750.0,285625000.0,334296875.0,150,0.011166433523470187,0.005562392901423019,0.016417684649373862,150
